year,month,total_revenue
2024,7,12511.872870169114
2024,8,11593.951730871806
2024,9,5521.656788923079
2024,10,8047.191384954378
2024,11,7085.545456117019
2024,12,7242.228010733612
2025,1,10554.265122684184
2025,2,15469.740896089468
2025,3,16152.296774992952
2025,4,11661.911737159593
2025,5,9049.148327639326
2025,6,9822.174564399756
