order_year,order_month,total_revenue,order_volume
2024,7,12511.872870169114,28
2024,8,11593.951730871806,24
2024,9,5521.656788923079,17
2024,10,8047.191384954378,14
2024,11,7085.545456117019,16
2024,12,6966.056074128952,15
